Htno,Sem,Subcode,Subname,Internal,External,Marks,Dept Name
10NG1A0108,1-2,R10202,MATHEMATICS- II,5,0,5,CE
10NG1A0108,1-2,R10203,ENGINEERING PHYSICS -II,7,0,7,CE
10NG1A0118,1-2,R10204,ENGINEERING CHEMISTRY -II,9,3,12,CE
10NG1A0118,1-2,R10205,ENGINEERING DRAWING,16,9,25,CE
10NG1A0129,1-2,R10202,MATHEMATICS- II,7,0,7,CE
10NG1A0129,1-2,R10203,ENGINEERING PHYSICS -II,4,0,4,CE
10NG1A0139,1-2,R10202,MATHEMATICS- II,10,0,10,CE
10NG1A0139,1-2,R10203,ENGINEERING PHYSICS -II,7,6,13,CE
10NG1A0337,1-2,R10202,MATHEMATICS- II,4,0,4,ME
10NG1A0337,1-2,R10203,ENGINEERING PHYSICS -II,6,0,6,ME
10NG1A0535,1-2,R10203,ENGINEERING PHYSICS -II,7,0,7,CSE
10NG1A1235,1-2,R10202,MATHEMATICS- II,4,57,61,IT
10NG1A1235,1-2,R10205,ENGINEERING DRAWING,20,16,36,IT
10NG1A1249,1-2,R10202,MATHEMATICS- II,4,0,4,IT
10NG1A1249,1-2,R10203,ENGINEERING PHYSICS -II,9,7,16,IT
11NG1A0101,1-2,R10204,ENGINEERING CHEMISTRY -II,7,3,10,CE
11NG1A0106,1-2,R10202,MATHEMATICS- II,4,0,4,CE
11NG1A0106,1-2,R10203,ENGINEERING PHYSICS -II,5,6,11,CE
11NG1A0106,1-2,R10204,ENGINEERING CHEMISTRY -II,5,19,24,CE
11NG1A0106,1-2,R10205,ENGINEERING DRAWING,19,0,19,CE
11NG1A0116,1-2,R10202,MATHEMATICS- II,7,8,15,CE
11NG1A0116,1-2,R10203,ENGINEERING PHYSICS -II,9,9,18,CE
11NG1A0116,1-2,R10204,ENGINEERING CHEMISTRY -II,12,6,18,CE
11NG1A0120,1-2,R10202,MATHEMATICS- II,10,0,10,CE
11NG1A0202,1-2,R10204,ENGINEERING CHEMISTRY -II,9,39,48,EEE
11NG1A0204,1-2,R10202,MATHEMATICS- II,10,8,18,EEE
11NG1A0204,1-2,R10205,ENGINEERING DRAWING,20,5,25,EEE
11NG1A0206,1-2,R10205,ENGINEERING DRAWING,14,5,19,EEE
11NG1A0231,1-2,R10203,ENGINEERING PHYSICS -II,10,8,18,EEE
11NG1A0231,1-2,R10204,ENGINEERING CHEMISTRY -II,6,37,43,EEE
11NG1A0253,1-2,R10204,ENGINEERING CHEMISTRY -II,9,33,42,EEE
11NG1A0253,1-2,R10205,ENGINEERING DRAWING,10,2,12,EEE
11NG1A0304,1-2,R10203,ENGINEERING PHYSICS -II,8,0,8,ME
11NG1A0304,1-2,R10206,MATHEMATICAL METHODS,4,0,4,ME
11NG1A0315,1-2,R10202,MATHEMATICS- II,7,0,7,ME
11NG1A0315,1-2,R10206,MATHEMATICAL METHODS,9,0,9,ME
11NG1A0319,1-2,R10204,ENGINEERING CHEMISTRY -II,4,0,4,ME
11NG1A0320,1-2,R10203,ENGINEERING PHYSICS -II,5,0,5,ME
11NG1A0320,1-2,R10204,ENGINEERING CHEMISTRY -II,7,0,7,ME
11NG1A0320,1-2,R10206,MATHEMATICAL METHODS,7,0,7,ME
11NG1A0338,1-2,R10203,ENGINEERING PHYSICS -II,11,9,20,ME
11NG1A0338,1-2,R10206,MATHEMATICAL METHODS,11,0,11,ME
11NG1A0342,1-2,R10202,MATHEMATICS- II,7,4,11,ME
11NG1A0342,1-2,R10203,ENGINEERING PHYSICS -II,8,9,17,ME
11NG1A0349,1-2,R10202,MATHEMATICS- II,4,0,4,ME
11NG1A0349,1-2,R10206,MATHEMATICAL METHODS,5,0,5,ME
11NG1A0356,1-2,R10203,ENGINEERING PHYSICS -II,7,7,14,ME
11NG1A0433,1-2,R10202,MATHEMATICS- II,8,0,8,ECE
11NG1A0433,1-2,R10203,ENGINEERING PHYSICS -II,8,12,20,ECE
11NG1A0435,1-2,R10202,MATHEMATICS- II,12,0,12,ECE
11NG1A0439,1-2,R10202,MATHEMATICS- II,13,0,13,ECE
11NG1A0439,1-2,R10203,ENGINEERING PHYSICS -II,7,0,7,ECE
11NG1A0450,1-2,R10202,MATHEMATICS- II,15,0,15,ECE
11NG1A04B6,1-2,R10202,MATHEMATICS- II,11,8,19,ECE
11NG1A0522,1-2,R10203,ENGINEERING PHYSICS -II,12,17,29,CSE
11NG1A0522,1-2,R10204,ENGINEERING CHEMISTRY -II,9,31,40,CSE
11NG1A1208,1-2,R10203,ENGINEERING PHYSICS -II,10,5,15,IT
11NG1A1241,1-2,R10203,ENGINEERING PHYSICS -II,16,0,16,IT
11NG1A1241,1-2,R10205,ENGINEERING DRAWING,17,0,17,IT
11NG1A1251,1-2,R10203,ENGINEERING PHYSICS -II,14,14,28,IT
11NG1A1213,1-2,R10205,ENGINEERING DRAWING,25,10,35,IT
11NG1A1238,1-2,R10203,ENGINEERING PHYSICS -II,14,4,18,IT
11NG1A1241,1-2,R10205,ENGINEERING DRAWING,12,0,12,IT
11NG1A1241,1-2,R10206,MATHEMATICAL METHODS,7,1,8,IT
12NG1A0104,1-2,R10202,MATHEMATICS- II,12,0,12,CE
12NG1A0104,1-2,R10203,ENGINEERING PHYSICS -II,9,0,9,CE
12NG1A0104,1-2,R10204,ENGINEERING CHEMISTRY -II,10,2,12,CE
12NG1A0108,1-2,R10204,ENGINEERING CHEMISTRY -II,7,19,26,CE
12NG1A0123,1-2,R10202,MATHEMATICS- II,10,0,10,CE
12NG1A0126,1-2,R10202,MATHEMATICS- II,5,0,5,CE
12NG1A0126,1-2,R10205,ENGINEERING DRAWING,14,0,14,
12NG1A0240,1-2,R10202,MATHEMATICS- II,9,11,20,EEE
12NG1A0301,1-2,R10206,MATHEMATICAL METHODS,9,6,15,ME
12NG1A0309,1-2,R10202,MATHEMATICS- II,13,10,23,ME
12NG1A0309,1-2,R10203,ENGINEERING PHYSICS -II,9,7,16,ME
12NG1A0309,1-2,R10205,ENGINEERING DRAWING,14,3,17,ME
12NG1A0318,1-2,R10202,MATHEMATICS- II,13,2,15,ME
12NG1A0318,1-2,R10203,ENGINEERING PHYSICS -II,4,0,4,ME
12NG1A0318,1-2,R10204,ENGINEERING CHEMISTRY -II,10,14,24,ME
12NG1A0318,1-2,R10205,ENGINEERING DRAWING,14,0,14,ME
12NG1A0318,1-2,R10206,MATHEMATICAL METHODS,6,2,8,ME
12NG1A0321,1-2,R10202,MATHEMATICS- II,13,7,20,ME
12NG1A0325,1-2,R10202,MATHEMATICS- II,12,11,23,ME
12NG1A0325,1-2,R10203,ENGINEERING PHYSICS -II,7,33,40,ME
12NG1A0329,1-2,R10202,MATHEMATICS- II,10,0,10,ME
12NG1A0329,1-2,R10204,ENGINEERING CHEMISTRY -II,14,26,40,ME
12NG1A0329,1-2,R10205,ENGINEERING DRAWING,14,4,18,ME
12NG1A0329,1-2,R10206,MATHEMATICAL METHODS,12,29,41,ME
12NG1A0334,1-2,R10203,ENGINEERING PHYSICS -II,7,0,7,ME
12NG1A0338,1-2,R10202,MATHEMATICS- II,8,0,8,ME
12NG1A0351,1-2,R10203,ENGINEERING PHYSICS -II,13,9,22,ME
12NG1A0353,1-2,R10202,MATHEMATICS- II,9,7,16,ME
12NG1A0353,1-2,R10203,ENGINEERING PHYSICS -II,12,5,17,ME
12NG1A0368,1-2,R10203,ENGINEERING PHYSICS -II,7,7,14,ME
12NG1A0368,1-2,R10204,ENGINEERING CHEMISTRY -II,7,24,31,ME
12NG1A0368,1-2,R10205,ENGINEERING DRAWING,16,0,16,ME
12NG1A0368,1-2,R10206,MATHEMATICAL METHODS,7,1,8,ME
12NG1A0377,1-2,R10203,ENGINEERING PHYSICS -II,12,5,17,ME
12NG1A0378,1-2,R10205,ENGINEERING DRAWING,14,0,14,ME
12NG1A0383,1-2,R10202,MATHEMATICS- II,7,0,7,ME
12NG1A0383,1-2,R10204,ENGINEERING CHEMISTRY -II,6,0,6,ME
12NG1A0385,1-2,R10202,MATHEMATICS- II,10,0,10,ME
12NG1A0385,1-2,R10205,ENGINEERING DRAWING,14,0,14,ME
12NG1A0385,1-2,R10206,MATHEMATICAL METHODS,3,0,3,ME
12NG1A0386,1-2,R10205,ENGINEERING DRAWING,5,0,5,ME
12NG1A0388,1-2,R10202,MATHEMATICS- II,7,0,7,ME
12NG1A0388,1-2,R10203,ENGINEERING PHYSICS -II,11,0,11,ME
12NG1A0389,1-2,R10202,MATHEMATICS- II,13,0,13,ME
12NG1A0394,1-2,R10202,MATHEMATICS- II,17,2,19,ME
12NG1A0394,1-2,R10204,ENGINEERING CHEMISTRY -II,13,12,25,ME
12NG1A0396,1-2,R10202,MATHEMATICS- II,16,10,26,ME
12NG1A0396,1-2,R10203,ENGINEERING PHYSICS -II,7,6,13,ME
12NG1A0402,1-2,R10202,MATHEMATICS- II,14,8,22,ECE
12NG1A0402,1-2,R10203,ENGINEERING PHYSICS -II,15,7,22,ECE
12NG1A0409,1-2,R10202,MATHEMATICS- II,14,0,14,ECE
12NG1A0465,1-2,R10202,MATHEMATICS- II,7,0,7,ECE
12NG1A0465,1-2,R10206,MATHEMATICAL METHODS,4,0,4,ECE
12NG1A0504,1-2,R10203,ENGINEERING PHYSICS -II,13,31,44,CSE
12NG1A0504,1-2,R10204,ENGINEERING CHEMISTRY -II,13,31,44,CSE
12NG1A0505,1-2,R10205,ENGINEERING DRAWING,16,0,16,CSE
12NG1A0513,1-2,R10203,ENGINEERING PHYSICS -II,8,40,48,CSE
12NG1A0528,1-2,R10203,ENGINEERING PHYSICS -II,8,6,14,CSE
12NG1A0528,1-2,R10204,ENGINEERING CHEMISTRY -II,11,19,30,CSE
12NG1A0538,1-2,R10203,ENGINEERING PHYSICS -II,12,2,14,CSE
12NG1A0538,1-2,R10204,ENGINEERING CHEMISTRY -II,12,6,18,CSE
12NG1A0554,1-2,R10202,MATHEMATICS- II,13,0,13,CSE
12NG1A0554,1-2,R10203,ENGINEERING PHYSICS -II,8,10,18,CSE
12NG1A0554,1-2,R10205,ENGINEERING DRAWING,17,5,22,CSE
12NG1A0564,1-2,R10202,MATHEMATICS- II,6,0,6,CSE
12NG1A0564,1-2,R10204,ENGINEERING CHEMISTRY -II,18,0,18,CSE
12NG1A1202,1-2,R10202,MATHEMATICS- II,12,0,12,IT
12NG1A1202,1-2,R10203,ENGINEERING PHYSICS -II,14,0,14,IT
12NG1A1202,1-2,R10206,MATHEMATICAL METHODS,9,0,9,IT
12NG1A1214,1-2,R10202,MATHEMATICS- II,7,33,40,IT
12NG1A1214,1-2,R10203,ENGINEERING PHYSICS -II,10,5,15,IT
12NG1A1220,1-2,R10202,MATHEMATICS- II,10,0,10,IT
12NG1A1223,1-2,R10202,MATHEMATICS- II,8,0,8,IT
12NG1A1225,1-2,R10202,MATHEMATICS- II,12,0,12,IT
12NG1A1225,1-2,R10203,ENGINEERING PHYSICS -II,12,0,12,IT
12NG1A1225,1-2,R10205,ENGINEERING DRAWING,17,0,17,IT
12NG1A1212,1-2,R10203,ENGINEERING PHYSICS -II,6,0,6,IT
12NG1A1216,1-2,R10203,ENGINEERING PHYSICS -II,8,2,10,IT
13NG1A0102,1-2,R13202,MATHEMATICS-III,17,16,33,CE
13NG1A0103,1-2,R13202,MATHEMATICS-III,16,0,16,CE
13NG1A0103,1-2,R13203,ENGG. PHYSICS,19,0,19,CE
13NG1A0103,1-2,R13209,ENGG. DRAWING,15,0,15,CE
13NG1A0107,1-2,R13202,MATHEMATICS-III,15,0,15,CE
13NG1A0107,1-2,R13207,MATHEMATICS-II (MM),11,11,22,CE
13NG1A0109,1-2,R13202,MATHEMATICS-III,14,0,14,CE
13NG1A0109,1-2,R13207,MATHEMATICS-II (MM),12,11,23,CE
13NG1A0112,1-2,R13203,ENGG. PHYSICS,15,0,15,CE
13NG1A0112,1-2,R13209,ENGG. DRAWING,18,4,22,CE
13NG1A0114,1-2,R13202,MATHEMATICS-III,15,11,26,CE
13NG1A0114,1-2,R13209,ENGG. DRAWING,18,6,24,CE
13NG1A0116,1-2,R13203,ENGG. PHYSICS,26,7,33,CE
13NG1A0122,1-2,R13209,ENGG. DRAWING,21,13,34,CE
13NG1A0127,1-2,R13202,MATHEMATICS-III,21,28,49,CE
13NG1A0129,1-2,R13202,MATHEMATICS-III,12,0,12,CE
13NG1A0129,1-2,R13209,ENGG. DRAWING,13,2,15,CE
13NG1A0132,1-2,R13202,MATHEMATICS-III,13,0,13,CE
13NG1A0132,1-2,R13203,ENGG. PHYSICS,18,1,19,CE
13NG1A0132,1-2,R13207,MATHEMATICS-II (MM),20,0,20,CE
13NG1A0143,1-2,R13202,MATHEMATICS-III,12,0,12,CE
13NG1A0143,1-2,R13203,ENGG. PHYSICS,18,2,20,CE
13NG1A0143,1-2,R13207,MATHEMATICS-II (MM),12,11,23,CE
13NG1A0205,1-2,R13202,MATHEMATICS-III,8,12,20,EEE
13NG1A0205,1-2,R13205,C PROGRAMMING,16,11,27,EEE
13NG1A0303,1-2,R13203,ENGG. PHYSICS,18,0,18,ME
13NG1A0311,1-2,R13202,MATHEMATICS-III,10,30,40,ME
13NG1A0311,1-2,R13209,ENGG. DRAWING,20,27,47,ME
13NG1A0315,1-2,R13202,MATHEMATICS-III,12,18,30,ME
13NG1A0315,1-2,R13203,ENGG. PHYSICS,20,17,37,ME
13NG1A0315,1-2,R13209,ENGG. DRAWING,18,6,24,ME
13NG1A0318,1-2,R13202,MATHEMATICS-III,5,24,29,ME
13NG1A0318,1-2,R13209,ENGG. DRAWING,21,8,29,ME
13NG1A0321,1-2,R13202,MATHEMATICS-III,13,0,13,ME
13NG1A0321,1-2,R13203,ENGG. PHYSICS,20,0,20,ME
13NG1A0321,1-2,R13209,ENGG. DRAWING,26,6,32,ME
13NG1A0324,1-2,R13203,ENGG. PHYSICS,21,5,26,ME
13NG1A0324,1-2,R13209,ENGG. DRAWING,24,16,40,ME
13NG1A0326,1-2,R13203,ENGG. PHYSICS,19,11,30,ME
13NG1A0326,1-2,R13209,ENGG. DRAWING,23,29,52,ME
13NG1A0328,1-2,R13202,MATHEMATICS-III,10,0,10,ME
13NG1A0328,1-2,R13207,MATHEMATICS-II (MM),15,3,18,ME
13NG1A0328,1-2,R13209,ENGG. DRAWING,22,29,51,ME
13NG1A0333,1-2,R13209,ENGG. DRAWING,15,15,30,ME
13NG1A0336,1-2,R13209,ENGG. DRAWING,21,29,50,ME
13NG1A0341,1-2,R13203,ENGG. PHYSICS,22,29,51,ME
13NG1A0350,1-2,R13202,MATHEMATICS-III,14,14,28,ME
13NG1A0350,1-2,R13207,MATHEMATICS-II (MM),13,0,13,ME
13NG1A0350,1-2,R13209,ENGG. DRAWING,17,0,17,ME
13NG1A0351,1-2,R13202,MATHEMATICS-III,27,0,27,ME
13NG1A0351,1-2,R13203,ENGG. PHYSICS,22,0,22,ME
13NG1A0351,1-2,R13209,ENGG. DRAWING,20,4,24,ME
13NG1A0355,1-2,R13202,MATHEMATICS-III,15,16,31,ME
13NG1A0355,1-2,R13209,ENGG. DRAWING,21,29,50,ME
13NG1A0357,1-2,R13203,ENGG. PHYSICS,12,0,12,ME
13NG1A0357,1-2,R13209,ENGG. DRAWING,21,2,23,ME
13NG1A0359,1-2,R13203,ENGG. PHYSICS,22,5,27,ME
13NG1A0364,1-2,R13203,ENGG. PHYSICS,16,0,16,ME
13NG1A0366,1-2,R13209,ENGG. DRAWING,16,31,47,ME
13NG1A0379,1-2,R13203,ENGG. PHYSICS,19,0,19,ME
13NG1A0379,1-2,R13209,ENGG. DRAWING,22,36,58,ME
13NG1A0440,1-2,R13210,ENGG. MECHANICS,26,32,58,ECE
13NG1A0440,1-2,R13211,NETWORK ANALYSIS,25,29,54,ECE
13NG1A0446,1-2,R13210,ENGG. MECHANICS,25,6,31,ECE
13NG1A0448,1-2,R13211,NETWORK ANALYSIS,21,34,55,ECE
13NG1A0456,1-2,R13205,C PROGRAMMING,24,12,36,ECE
13NG1A0457,1-2,R13204,ENGG. CHEMISTRY,15,0,15,ECE
13NG1A0457,1-2,R13210,ENGG. MECHANICS,21,0,21,ECE
13NG1A0457,1-2,R13211,NETWORK ANALYSIS,15,15,30,ECE
13NG1A0464,1-2,R13202,MATHEMATICS-III,7,0,7,ECE
13NG1A0465,1-2,R13205,C PROGRAMMING,21,13,34,ECE
13NG1A0465,1-2,R13210,ENGG. MECHANICS,22,0,22,ECE
13NG1A0468,1-2,R13211,NETWORK ANALYSIS,18,1,19,ECE
13NG1A0501,1-2,R13203,ENGG. PHYSICS,15,4,19,CSE
13NG1A0501,1-2,R13209,ENGG. DRAWING,19,0,19,CSE
13NG1A0506,1-2,R13203,ENGG. PHYSICS,16,5,21,CSE
13NG1A0511,1-2,R13203,ENGG. PHYSICS,21,12,33,CSE
13NG1A0515,1-2,R13203,ENGG. PHYSICS,16,0,16,CSE
13NG1A0515,1-2,R13207,MATHEMATICS-II (MM),12,0,12,CSE
13NG1A0517,1-2,R13203,ENGG. PHYSICS,11,0,11,CSE
13NG1A0517,1-2,R13209,ENGG. DRAWING,22,0,22,CSE
13NG1A0518,1-2,R13202,MATHEMATICS-III,13,8,21,CSE
13NG1A0518,1-2,R13203,ENGG. PHYSICS,6,0,6,CSE
13NG1A0520,1-2,R13203,ENGG. PHYSICS,10,0,10,CSE
13NG1A0520,1-2,R13209,ENGG. DRAWING,20,0,20,CSE
13NG1A0521,1-2,R13203,ENGG. PHYSICS,15,0,15,CSE
13NG1A0521,1-2,R13207,MATHEMATICS-II (MM),12,31,43,CSE
13NG1A0531,1-2,R13203,ENGG. PHYSICS,18,13,31,CSE
13NG1A0532,1-2,R13203,ENGG. PHYSICS,15,2,17,CSE
13NG1A0533,1-2,R13203,ENGG. PHYSICS,19,1,20,CSE
13NG1A0533,1-2,R13207,MATHEMATICS-II (MM),15,3,18,CSE
13NG1A0536,1-2,R13203,ENGG. PHYSICS,10,0,10,CSE
13NG1A0536,1-2,R13207,MATHEMATICS-II (MM),9,31,40,CSE
13NG1A0536,1-2,R13209,ENGG. DRAWING,20,0,20,CSE
13NG1A0539,1-2,R13207,MATHEMATICS-II (MM),14,31,45,CSE
13NG1A0543,1-2,R13209,ENGG. DRAWING,23,11,34,CSE
13NG1A0544,1-2,R13203,ENGG. PHYSICS,16,0,16,CSE
13NG1A0544,1-2,R13207,MATHEMATICS-II (MM),14,0,14,CSE
13NG1A0544,1-2,R13209,ENGG. DRAWING,22,12,34,CSE
13NG1A0546,1-2,R13203,ENGG. PHYSICS,20,4,24,CSE
13NG1A0551,1-2,R13202,MATHEMATICS-III,17,8,25,CSE
13NG1A0551,1-2,R13203,ENGG. PHYSICS,15,0,15,CSE
13NG1A0551,1-2,R13207,MATHEMATICS-II (MM),14,0,14,CSE
13NG1A0551,1-2,R13209,ENGG. DRAWING,21,8,29,CSE
13NG1A0553,1-2,R13202,MATHEMATICS-III,18,12,30,CSE
13NG1A0553,1-2,R13203,ENGG. PHYSICS,18,0,18,CSE
13NG1A0553,1-2,R13207,MATHEMATICS-II (MM),17,0,17,CSE
13NG1A0554,1-2,R13202,MATHEMATICS-III,18,8,26,CSE
13NG1A0554,1-2,R13207,MATHEMATICS-II (MM),15,8,23,CSE
13NG1A0556,1-2,R13203,ENGG. PHYSICS,20,0,20,CSE
13NG1A0556,1-2,R13207,MATHEMATICS-II (MM),17,17,34,CSE
13NG1A0556,1-2,R13209,ENGG. DRAWING,23,0,23,CSE
14NG1A0102,1-2,R13202,MATHEMATICS-III,11,6,17,CE
14NG1A0102,1-2,R13207,MATHEMATICS-II (MM),14,1,15,CE
14NG1A0102,1-2,R13209,ENGG. DRAWING,16,0,16,CE
14NG1A0105,1-2,R13203,ENGG. PHYSICS,21,7,28,CE
14NG1A0106,1-2,R13202,MATHEMATICS-III,15,8,23,CE
14NG1A0106,1-2,R13203,ENGG. PHYSICS,15,0,15,CE
14NG1A0108,1-2,R13202,MATHEMATICS-III,10,39,49,CE
14NG1A0108,1-2,R13209,ENGG. DRAWING,16,10,26,CE
14NG1A0112,1-2,R13202,MATHEMATICS-III,7,8,15,CE
14NG1A0113,1-2,R13202,MATHEMATICS-III,13,29,42,CE
14NG1A0113,1-2,R13209,ENGG. DRAWING,16,12,28,CE
14NG1A0114,1-2,R13214,ENGINEERING PHYSICS LAB,19,35,54,CE
14NG1A0114,1-2,R13216,ENGINEERING WORKSHOP & IT WORKSHOP,20,46,66,CE
14NG1A0119,1-2,R13203,ENGG. PHYSICS,17,0,17,CE
14NG1A0119,1-2,R13209,ENGG. DRAWING,17,15,32,CE
14NG1A0121,1-2,R13202,MATHEMATICS-III,13,31,44,CE
14NG1A0121,1-2,R13209,ENGG. DRAWING,16,10,26,CE
14NG1A0123,1-2,R13203,ENGG. PHYSICS,16,3,19,CE
14NG1A0124,1-2,R13203,ENGG. PHYSICS,15,0,15,CE
14NG1A0124,1-2,R13209,ENGG. DRAWING,16,8,24,CE
14NG1A0126,1-2,R13203,ENGG. PHYSICS,21,3,24,CE
14NG1A0129,1-2,R13209,ENGG. DRAWING,23,9,32,CE
14NG1A0130,1-2,R13202,MATHEMATICS-III,19,5,24,CE
14NG1A0130,1-2,R13203,ENGG. PHYSICS,24,5,29,CE
14NG1A0131,1-2,R13202,MATHEMATICS-III,14,4,18,CE
14NG1A0131,1-2,R13203,ENGG. PHYSICS,20,10,30,CE
14NG1A0131,1-2,R13209,ENGG. DRAWING,16,6,22,CE
14NG1A0133,1-2,R13209,ENGG. DRAWING,22,0,22,CE
14NG1A0134,1-2,R13203,ENGG. PHYSICS,22,5,27,CE
14NG1A0141,1-2,R13202,MATHEMATICS-III,16,33,49,CE
14NG1A0142,1-2,R13203,ENGG. PHYSICS,19,8,27,CE
14NG1A0143,1-2,R13203,ENGG. PHYSICS,23,3,26,CE
14NG1A0147,1-2,R13202,MATHEMATICS-III,16,10,26,CE
14NG1A0147,1-2,R13203,ENGG. PHYSICS,21,8,29,CE
14NG1A0154,1-2,R13203,ENGG. PHYSICS,20,29,49,CE
14NG1A0156,1-2,R13203,ENGG. PHYSICS,23,5,28,CE
14NG1A0157,1-2,R13203,ENGG. PHYSICS,21,0,21,CE
14NG1A0157,1-2,R13207,MATHEMATICS-II (MM),18,29,47,CE
14NG1A0208,1-2,R13202,MATHEMATICS-III,11,30,41,EEE
14NG1A0208,1-2,R13204,ENGG. CHEMISTRY,17,1,18,EEE
14NG1A0208,1-2,R13205,C PROGRAMMING,18,3,21,EEE
14NG1A0208,1-2,R13212,ELECTRICAL CIRCUITS ANALYSIS-I,19,8,27,EEE
14NG1A0305,1-2,R13202,MATHEMATICS-III,18,33,51,ME
14NG1A0305,1-2,R13209,ENGG. DRAWING,16,30,46,ME
14NG1A0310,1-2,R13203,ENGG. PHYSICS,19,0,19,ME
14NG1A0311,1-2,R13203,ENGG. PHYSICS,23,0,23,ME
14NG1A0313,1-2,R13203,ENGG. PHYSICS,19,0,19,ME
14NG1A0318,1-2,R13207,MATHEMATICS-II (MM),22,49,71,ME
14NG1A0319,1-2,R13203,ENGG. PHYSICS,17,0,17,ME
14NG1A0328,1-2,R13203,ENGG. PHYSICS,17,5,22,ME
14NG1A0328,1-2,R13207,MATHEMATICS-II (MM),15,34,49,ME
14NG1A0332,1-2,R13207,MATHEMATICS-II (MM),16,29,45,ME
14NG1A0332,1-2,R13209,ENGG. DRAWING,16,32,48,ME
14NG1A0338,1-2,R13203,ENGG. PHYSICS,17,4,21,ME
14NG1A0346,1-2,R13203,ENGG. PHYSICS,23,3,26,ME
14NG1A0346,1-2,R13207,MATHEMATICS-II (MM),16,29,45,ME
14NG1A0350,1-2,R13207,MATHEMATICS-II (MM),16,31,47,ME
14NG1A0350,1-2,R13209,ENGG. DRAWING,12,29,41,ME
14NG1A0355,1-2,R13207,MATHEMATICS-II (MM),16,29,45,ME
14NG1A0356,1-2,R13203,ENGG. PHYSICS,20,0,20,ME
14NG1A0356,1-2,R13207,MATHEMATICS-II (MM),16,29,45,ME
14NG1A0360,1-2,R13202,MATHEMATICS-III,16,29,45,ME
14NG1A0360,1-2,R13203,ENGG. PHYSICS,19,0,19,ME
14NG1A0360,1-2,R13209,ENGG. DRAWING,18,29,47,ME
14NG1A0362,1-2,R13202,MATHEMATICS-III,16,5,21,ME
14NG1A0362,1-2,R13209,ENGG. DRAWING,16,0,16,ME
14NG1A0367,1-2,R13203,ENGG. PHYSICS,16,0,16,ME
14NG1A0367,1-2,R13209,ENGG. DRAWING,21,12,33,ME
14NG1A0372,1-2,R13202,MATHEMATICS-III,17,28,45,ME
14NG1A0372,1-2,R13203,ENGG. PHYSICS,18,0,18,ME
14NG1A0372,1-2,R13207,MATHEMATICS-II (MM),13,31,44,ME
14NG1A0375,1-2,R13202,MATHEMATICS-III,18,28,46,ME
14NG1A0375,1-2,R13203,ENGG. PHYSICS,15,0,15,ME
14NG1A0376,1-2,R13203,ENGG. PHYSICS,17,0,17,ME
14NG1A0402,1-2,R13211,NETWORK ANALYSIS,22,10,32,ECE
14NG1A0404,1-2,R13210,ENGG. MECHANICS,14,9,23,ECE
14NG1A0413,1-2,R13204,ENGG. CHEMISTRY,15,4,19,ECE
14NG1A0419,1-2,R13204,ENGG. CHEMISTRY,13,5,18,ECE
14NG1A0419,1-2,R13205,C PROGRAMMING,17,3,20,ECE
14NG1A0419,1-2,R13210,ENGG. MECHANICS,14,0,14,ECE
14NG1A0419,1-2,R13211,NETWORK ANALYSIS,17,1,18,ECE
14NG1A0424,1-2,R13202,MATHEMATICS-III,21,1,22,ECE
14NG1A0424,1-2,R13204,ENGG. CHEMISTRY,15,0,15,ECE
14NG1A0424,1-2,R13205,C PROGRAMMING,18,2,20,ECE
14NG1A0424,1-2,R13210,ENGG. MECHANICS,11,0,11,ECE
14NG1A0424,1-2,R13211,NETWORK ANALYSIS,15,0,15,ECE
14NG1A0426,1-2,R13205,C PROGRAMMING,17,18,35,ECE
14NG1A0434,1-2,R13205,C PROGRAMMING,17,0,17,ECE
14NG1A0434,1-2,R13211,NETWORK ANALYSIS,10,24,34,ECE
14NG1A0436,1-2,R13205,C PROGRAMMING,20,14,34,ECE
14NG1A0436,1-2,R13211,NETWORK ANALYSIS,19,12,31,ECE
14NG1A0438,1-2,R13204,ENGG. CHEMISTRY,14,0,14,ECE
14NG1A0438,1-2,R13205,C PROGRAMMING,16,3,19,ECE
14NG1A0438,1-2,R13210,ENGG. MECHANICS,11,0,11,ECE
14NG1A0439,1-2,R13211,NETWORK ANALYSIS,24,29,53,ECE
14NG1A0442,1-2,R13205,C PROGRAMMING,18,30,48,ECE
14NG1A0450,1-2,R13202,MATHEMATICS-III,12,28,40,ECE
14NG1A0450,1-2,R13205,C PROGRAMMING,16,1,17,ECE
14NG1A0450,1-2,R13211,NETWORK ANALYSIS,18,0,18,ECE
14NG1A0454,1-2,R13205,C PROGRAMMING,16,11,27,ECE
14NG1A0454,1-2,R13211,NETWORK ANALYSIS,19,10,29,ECE
14NG1A0458,1-2,R13202,MATHEMATICS-III,17,10,27,ECE
14NG1A0458,1-2,R13205,C PROGRAMMING,18,7,25,ECE
14NG1A0459,1-2,R13205,C PROGRAMMING,21,38,59,ECE
14NG1A0464,1-2,R13204,ENGG. CHEMISTRY,12,6,18,ECE
14NG1A0464,1-2,R13205,C PROGRAMMING,16,3,19,ECE
14NG1A0464,1-2,R13210,ENGG. MECHANICS,20,34,54,ECE
14NG1A0466,1-2,R13205,C PROGRAMMING,21,32,53,ECE
14NG1A0467,1-2,R13211,NETWORK ANALYSIS,19,29,48,ECE
14NG1A0468,1-2,R13210,ENGG. MECHANICS,15,11,26,ECE
14NG1A0468,1-2,R13211,NETWORK ANALYSIS,18,5,23,ECE
14NG1A0472,1-2,R13211,NETWORK ANALYSIS,20,29,49,ECE
14NG1A0473,1-2,R13205,C PROGRAMMING,19,31,50,ECE
14NG1A0474,1-2,R13202,MATHEMATICS-III,14,30,44,ECE
14NG1A0474,1-2,R13204,ENGG. CHEMISTRY,18,10,28,ECE
14NG1A0477,1-2,R13204,ENGG. CHEMISTRY,15,0,15,ECE
14NG1A0477,1-2,R13205,C PROGRAMMING,17,2,19,ECE
14NG1A0477,1-2,R13211,NETWORK ANALYSIS,22,0,22,ECE
14NG1A0481,1-2,R13211,NETWORK ANALYSIS,18,29,47,ECE
14NG1A0482,1-2,R13211,NETWORK ANALYSIS,19,5,24,ECE
14NG1A0488,1-2,R13202,MATHEMATICS-III,7,25,32,ECE
14NG1A0488,1-2,R13205,C PROGRAMMING,19,4,23,ECE
14NG1A0492,1-2,R13202,MATHEMATICS-III,16,38,54,ECE
14NG1A0492,1-2,R13205,C PROGRAMMING,21,31,52,ECE
14NG1A0495,1-2,R13210,ENGG. MECHANICS,13,16,29,ECE
14NG1A0495,1-2,R13211,NETWORK ANALYSIS,11,1,12,ECE
14NG1A0497,1-2,R13211,NETWORK ANALYSIS,21,8,29,ECE
14NG1A04A1,1-2,R13211,NETWORK ANALYSIS,17,13,30,ECE
14NG1A04A5,1-2,R13205,C PROGRAMMING,16,0,16,ECE
14NG1A04A5,1-2,R13211,NETWORK ANALYSIS,23,3,26,ECE
14NG1A04B1,1-2,R13210,ENGG. MECHANICS,21,8,29,ECE
14NG1A04B3,1-2,R13205,C PROGRAMMING,20,13,33,ECE
14NG1A04B3,1-2,R13211,NETWORK ANALYSIS,19,5,24,ECE
14NG1A04B4,1-2,R13211,NETWORK ANALYSIS,21,36,57,ECE
14NG1A04B6,1-2,R13202,MATHEMATICS-III,13,0,13,ECE
14NG1A04B6,1-2,R13204,ENGG. CHEMISTRY,18,1,19,ECE
14NG1A04B6,1-2,R13210,ENGG. MECHANICS,15,13,28,ECE
14NG1A0504,1-2,R13209,ENGG. DRAWING,20,12,32,CSE
14NG1A0506,1-2,R13202,MATHEMATICS-III,20,28,48,CSE
14NG1A0507,1-2,R13202,MATHEMATICS-III,14,28,42,CSE
14NG1A0507,1-2,R13203,ENGG. PHYSICS,12,0,12,CSE
14NG1A0510,1-2,R13202,MATHEMATICS-III,17,30,47,CSE
14NG1A0513,1-2,R13202,MATHEMATICS-III,18,28,46,CSE
14NG1A0513,1-2,R13203,ENGG. PHYSICS,16,1,17,CSE
14NG1A0513,1-2,R13209,ENGG. DRAWING,19,4,23,CSE
14NG1A0514,1-2,R13202,MATHEMATICS-III,12,13,25,CSE
14NG1A0514,1-2,R13203,ENGG. PHYSICS,7,0,7,CSE
14NG1A0519,1-2,R13203,ENGG. PHYSICS,19,12,31,CSE
14NG1A0520,1-2,R13203,ENGG. PHYSICS,16,5,21,CSE
14NG1A0521,1-2,R13207,MATHEMATICS-II (MM),14,36,50,CSE
14NG1A0522,1-2,R13202,MATHEMATICS-III,17,16,33,CSE
14NG1A0522,1-2,R13209,ENGG. DRAWING,23,10,33,CSE
14NG1A0526,1-2,R13201,ENGLISH-II,11,28,39,CSE
14NG1A0526,1-2,R13202,MATHEMATICS-III,9,5,14,CSE
14NG1A0527,1-2,R13202,MATHEMATICS-III,11,8,19,CSE
14NG1A0527,1-2,R13203,ENGG. PHYSICS,12,2,14,CSE
14NG1A0527,1-2,R13209,ENGG. DRAWING,19,0,19,CSE
14NG1A0540,1-2,R13209,ENGG. DRAWING,19,0,19,CSE
14NG1A0543,1-2,R13201,ENGLISH-II,13,26,39,CSE
14NG1A0543,1-2,R13203,ENGG. PHYSICS,13,0,13,CSE
14NG1A0543,1-2,R13209,ENGG. DRAWING,20,0,20,CSE
14NG1A0544,1-2,R13203,ENGG. PHYSICS,18,10,28,CSE
14NG1A0547,1-2,R13202,MATHEMATICS-III,14,46,60,CSE
14NG1A0557,1-2,R13202,MATHEMATICS-III,13,28,41,CSE
14NG1A0557,1-2,R13203,ENGG. PHYSICS,18,1,19,CSE
14NG1A0557,1-2,R13209,ENGG. DRAWING,19,0,19,CSE
14NG1A0574,1-2,R13203,ENGG. PHYSICS,19,13,32,CSE
14NG1A0576,1-2,R13203,ENGG. PHYSICS,18,6,24,CSE
14NG1A0578,1-2,R13203,ENGG. PHYSICS,21,24,45,CSE
14NG1A0578,1-2,R13209,ENGG. DRAWING,22,28,50,CSE
14NG1A0579,1-2,R13203,ENGG. PHYSICS,18,10,28,CSE
14NG1A0580,1-2,R13203,ENGG. PHYSICS,17,9,26,CSE
14NG1A0582,1-2,R13202,MATHEMATICS-III,16,0,16,CSE
14NG1A0582,1-2,R13203,ENGG. PHYSICS,17,0,17,CSE
14NG1A0583,1-2,R13209,ENGG. DRAWING,20,9,29,CSE
14NG1A0584,1-2,R13203,ENGG. PHYSICS,16,10,26,CSE
14NG1A0587,1-2,R13203,ENGG. PHYSICS,18,4,22,CSE
14NG1A0588,1-2,R13209,ENGG. DRAWING,16,6,22,CSE
14NG1A0590,1-2,R13203,ENGG. PHYSICS,17,8,25,CSE
14NG1A0591,1-2,R13209,ENGG. DRAWING,23,2,25,CSE
14NG1A0592,1-2,R13201,ENGLISH-II,15,0,15,CSE
14NG1A0592,1-2,R13202,MATHEMATICS-III,16,28,44,CSE
14NG1A0592,1-2,R13203,ENGG. PHYSICS,16,2,18,CSE
14NG1A0592,1-2,R13207,MATHEMATICS-II (MM),16,31,47,CSE
14NG1A0592,1-2,R13209,ENGG. DRAWING,17,7,24,CSE
14NG1A05A0,1-2,R13203,ENGG. PHYSICS,17,4,21,CSE
14NG1A05A0,1-2,R13207,MATHEMATICS-II (MM),17,31,48,CSE
14NG1A1201,1-2,R13202,MATHEMATICS-III,16,28,44,IT
14NG1A1201,1-2,R13203,ENGG. PHYSICS,19,3,22,IT
14NG1A1204,1-2,R13203,ENGG. PHYSICS,18,4,22,IT
14NG1A1214,1-2,R13207,MATHEMATICS-II (MM),19,18,37,IT
15NG1A0101,1-2,R13208,PROFESSIONAL ETHICS & HUMAN VALUES,25,33,58,CE
15NG1A0102,1-2,R13202,MATHEMATICS-III,27,16,43,CE
15NG1A0102,1-2,R13203,ENGG. PHYSICS,16,0,16,CE
15NG1A0102,1-2,R13207,MATHEMATICS-II (MM),20,3,23,CE
15NG1A0104,1-2,R13203,ENGG. PHYSICS,18,2,20,CE
15NG1A0104,1-2,R13209,ENGG. DRAWING,24,7,31,CE
15NG1A0106,1-2,R13203,ENGG. PHYSICS,25,2,27,CE
15NG1A0107,1-2,R13201,ENGLISH-II,25,35,60,CE
15NG1A0107,1-2,R13203,ENGG. PHYSICS,17,8,25,CE
15NG1A0107,1-2,R13209,ENGG. DRAWING,29,4,33,CE
15NG1A0110,1-2,R13202,MATHEMATICS-III,26,34,60,CE
15NG1A0113,1-2,R13201,ENGLISH-II,19,26,45,CE
15NG1A0113,1-2,R13202,MATHEMATICS-III,28,30,58,CE
15NG1A0113,1-2,R13203,ENGG. PHYSICS,18,11,29,CE
15NG1A0113,1-2,R13207,MATHEMATICS-II (MM),18,36,54,CE
15NG1A0113,1-2,R13208,PROFESSIONAL ETHICS & HUMAN VALUES,22,29,51,CE
15NG1A0113,1-2,R13209,ENGG. DRAWING,24,0,24,CE
15NG1A0115,1-2,R13203,ENGG. PHYSICS,24,35,59,CE
15NG1A0117,1-2,R13209,ENGG. DRAWING,25,6,31,CE
15NG1A0119,1-2,R13202,MATHEMATICS-III,26,3,29,CE
15NG1A0120,1-2,R13203,ENGG. PHYSICS,21,32,53,CE
15NG1A0123,1-2,R13201,ENGLISH-II,18,25,43,CE
15NG1A0123,1-2,R13202,MATHEMATICS-III,15,0,15,CE
15NG1A0123,1-2,R13203,ENGG. PHYSICS,11,0,11,CE
15NG1A0123,1-2,R13207,MATHEMATICS-II (MM),16,0,16,CE
15NG1A0123,1-2,R13208,PROFESSIONAL ETHICS & HUMAN VALUES,12,19,31,CE
15NG1A0123,1-2,R13209,ENGG. DRAWING,22,2,24,CE
15NG1A0127,1-2,R13203,ENGG. PHYSICS,22,4,26,CE
15NG1A0129,1-2,R13203,ENGG. PHYSICS,20,9,29,CE
15NG1A0130,1-2,R13202,MATHEMATICS-III,26,8,34,CE
15NG1A0130,1-2,R13209,ENGG. DRAWING,27,8,35,CE
15NG1A0131,1-2,R13203,ENGG. PHYSICS,20,6,26,CE
15NG1A0131,1-2,R13208,PROFESSIONAL ETHICS & HUMAN VALUES,22,40,62,CE
15NG1A0131,1-2,R13209,ENGG. DRAWING,24,4,28,CE
15NG1A0133,1-2,R13203,ENGG. PHYSICS,25,3,28,CE
15NG1A0134,1-2,R13202,MATHEMATICS-III,20,8,28,CE
15NG1A0134,1-2,R13203,ENGG. PHYSICS,20,29,49,CE
15NG1A0134,1-2,R13209,ENGG. DRAWING,25,10,35,CE
15NG1A0135,1-2,R13202,MATHEMATICS-III,18,0,18,CE
15NG1A0135,1-2,R13203,ENGG. PHYSICS,17,24,41,CE
15NG1A0135,1-2,R13208,PROFESSIONAL ETHICS & HUMAN VALUES,20,25,45,CE
15NG1A0135,1-2,R13209,ENGG. DRAWING,19,2,21,CE
15NG1A0139,1-2,R13203,ENGG. PHYSICS,21,1,22,CE
15NG1A0140,1-2,R13203,ENGG. PHYSICS,16,0,16,CE
15NG1A0140,1-2,R13208,PROFESSIONAL ETHICS & HUMAN VALUES,19,13,32,CE
15NG1A0141,1-2,R13202,MATHEMATICS-III,18,7,25,CE
15NG1A0141,1-2,R13203,ENGG. PHYSICS,22,0,22,CE
15NG1A0141,1-2,R13209,ENGG. DRAWING,25,0,25,CE
15NG1A0142,1-2,R13203,ENGG. PHYSICS,17,0,17,CE
15NG1A0145,1-2,R13203,ENGG. PHYSICS,20,7,27,CE
15NG1A0146,1-2,R13203,ENGG. PHYSICS,21,5,26,CE
15NG1A0147,1-2,R13203,ENGG. PHYSICS,25,37,62,CE
15NG1A0150,1-2,R13203,ENGG. PHYSICS,23,30,53,CE
15NG1A0150,1-2,R13209,ENGG. DRAWING,27,13,40,CE
15NG1A0151,1-2,R13203,ENGG. PHYSICS,16,0,16,CE
15NG1A0151,1-2,R13207,MATHEMATICS-II (MM),16,0,16,CE
15NG1A0151,1-2,R13209,ENGG. DRAWING,16,5,21,CE
15NG1A0154,1-2,R13203,ENGG. PHYSICS,19,0,19,CE
15NG1A0156,1-2,R13208,PROFESSIONAL ETHICS & HUMAN VALUES,25,33,58,CE
15NG1A0157,1-2,R13209,ENGG. DRAWING,24,7,31,CE
15NG1A0158,1-2,R13203,ENGG. PHYSICS,25,3,28,CE
15NG1A0158,1-2,R13209,ENGG. DRAWING,25,5,30,CE
15NG1A0159,1-2,R13202,MATHEMATICS-III,19,0,19,CE
15NG1A0159,1-2,R13203,ENGG. PHYSICS,22,0,22,CE
15NG1A0159,1-2,R13209,ENGG. DRAWING,22,0,22,CE
15NG1A0160,1-2,R13202,MATHEMATICS-III,23,36,59,CE
15NG1A0160,1-2,R13208,PROFESSIONAL ETHICS & HUMAN VALUES,23,37,60,CE
15NG1A0164,1-2,R13203,ENGG. PHYSICS,24,0,24,CE
15NG1A0164,1-2,R13208,PROFESSIONAL ETHICS & HUMAN VALUES,28,33,61,CE
15NG1A0164,1-2,R13209,ENGG. DRAWING,24,0,24,CE
15NG1A0167,1-2,R13209,ENGG. DRAWING,25,0,25,CE
15NG1A0168,1-2,R13202,MATHEMATICS-III,21,2,23,CE
15NG1A0168,1-2,R13203,ENGG. PHYSICS,19,0,19,CE
15NG1A0168,1-2,R13208,PROFESSIONAL ETHICS & HUMAN VALUES,26,14,40,CE
15NG1A0168,1-2,R13209,ENGG. DRAWING,22,4,26,CE
15NG1A0169,1-2,R13202,MATHEMATICS-III,22,5,27,CE
15NG1A0169,1-2,R13203,ENGG. PHYSICS,23,1,24,CE
15NG1A0170,1-2,R13203,ENGG. PHYSICS,20,0,20,CE
15NG1A0170,1-2,R13209,ENGG. DRAWING,17,1,18,CE
15NG1A0171,1-2,R13202,MATHEMATICS-III,20,10,30,CE
15NG1A0171,1-2,R13203,ENGG. PHYSICS,18,0,18,CE
15NG1A0171,1-2,R13207,MATHEMATICS-II (MM),12,9,21,CE
15NG1A0171,1-2,R13209,ENGG. DRAWING,19,2,21,CE
15NG1A0172,1-2,R13203,ENGG. PHYSICS,8,0,8,CE
15NG1A0172,1-2,R13208,PROFESSIONAL ETHICS & HUMAN VALUES,24,16,40,CE
15NG1A0172,1-2,R13209,ENGG. DRAWING,19,1,20,CE
15NG1A0173,1-2,R13201,ENGLISH-II,19,28,47,CE
15NG1A0173,1-2,R13202,MATHEMATICS-III,18,4,22,CE
15NG1A0175,1-2,R13202,MATHEMATICS-III,13,0,13,CE
15NG1A0175,1-2,R13203,ENGG. PHYSICS,16,0,16,CE
15NG1A0175,1-2,R13207,MATHEMATICS-II (MM),16,0,16,CE
15NG1A0175,1-2,R13209,ENGG. DRAWING,24,4,28,CE
15NG1A0176,1-2,R13202,MATHEMATICS-III,17,29,46,CE
15NG1A0176,1-2,R13207,MATHEMATICS-II (MM),17,29,46,CE
15NG1A0176,1-2,R13208,PROFESSIONAL ETHICS & HUMAN VALUES,24,30,54,CE
15NG1A0202,1-2,R13204,ENGG. CHEMISTRY,17,5,22,EEE
15NG1A0202,1-2,R13205,C PROGRAMMING,19,2,21,EEE
15NG1A0202,1-2,R13212,ELECTRICAL CIRCUITS ANALYSIS-I,17,0,17,EEE
15NG1A0203,1-2,R13205,C PROGRAMMING,25,11,36,EEE
15NG1A0205,1-2,R13212,ELECTRICAL CIRCUITS ANALYSIS-I,23,5,28,EEE
15NG1A0206,1-2,R13204,ENGG. CHEMISTRY,23,4,27,EEE
15NG1A0206,1-2,R13210,ENGG. MECHANICS,24,35,59,EEE
15NG1A0207,1-2,R13205,C PROGRAMMING,21,2,23,EEE
15NG1A0207,1-2,R13212,ELECTRICAL CIRCUITS ANALYSIS-I,27,4,31,EEE
15NG1A0209,1-2,R13202,MATHEMATICS-III,13,38,51,EEE
15NG1A0209,1-2,R13212,ELECTRICAL CIRCUITS ANALYSIS-I,22,3,25,EEE
15NG1A0212,1-2,R13204,ENGG. CHEMISTRY,22,3,25,EEE
15NG1A0212,1-2,R13210,ENGG. MECHANICS,28,39,67,EEE
15NG1A0215,1-2,R13205,C PROGRAMMING,22,33,55,EEE
15NG1A0217,1-2,R13212,ELECTRICAL CIRCUITS ANALYSIS-I,22,6,28,EEE
15NG1A0218,1-2,R13204,ENGG. CHEMISTRY,24,1,25,EEE
15NG1A0218,1-2,R13210,ENGG. MECHANICS,24,43,67,EEE
15NG1A0218,1-2,R13212,ELECTRICAL CIRCUITS ANALYSIS-I,24,9,33,EEE
15NG1A0224,1-2,R13210,ENGG. MECHANICS,25,37,62,EEE
15NG1A0225,1-2,R13202,MATHEMATICS-III,13,32,45,EEE
15NG1A0225,1-2,R13212,ELECTRICAL CIRCUITS ANALYSIS-I,18,5,23,EEE
15NG1A0228,1-2,R13205,C PROGRAMMING,20,29,49,EEE
15NG1A0228,1-2,R13210,ENGG. MECHANICS,30,56,86,EEE
15NG1A0230,1-2,R13212,ELECTRICAL CIRCUITS ANALYSIS-I,29,12,41,EEE
15NG1A0235,1-2,R13210,ENGG. MECHANICS,26,60,86,EEE
15NG1A0301,1-2,R13209,ENGG. DRAWING,28,38,66,ME
15NG1A0304,1-2,R13203,ENGG. PHYSICS,17,0,17,ME
15NG1A0304,1-2,R13207,MATHEMATICS-II (MM),18,29,47,ME
15NG1A0304,1-2,R13209,ENGG. DRAWING,28,37,65,ME
15NG1A0305,1-2,R13209,ENGG. DRAWING,27,46,73,ME
15NG1A0306,1-2,R13202,MATHEMATICS-III,20,28,48,ME
15NG1A0306,1-2,R13203,ENGG. PHYSICS,16,8,24,ME
15NG1A0306,1-2,R13209,ENGG. DRAWING,16,29,45,ME
15NG1A0307,1-2,R13202,MATHEMATICS-III,25,38,63,ME
15NG1A0307,1-2,R13203,ENGG. PHYSICS,25,29,54,ME
15NG1A0308,1-2,R13209,ENGG. DRAWING,29,54,83,ME
15NG1A0311,1-2,R13203,ENGG. PHYSICS,27,33,60,ME
15NG1A0313,1-2,R13208,PROFESSIONAL ETHICS & HUMAN VALUES,23,29,52,ME
15NG1A0313,1-2,R13209,ENGG. DRAWING,23,40,63,ME
15NG1A0315,1-2,R13203,ENGG. PHYSICS,16,0,16,ME
15NG1A0315,1-2,R13209,ENGG. DRAWING,28,29,57,ME
15NG1A0318,1-2,R13202,MATHEMATICS-III,17,28,45,ME
15NG1A0318,1-2,R13203,ENGG. PHYSICS,25,10,35,ME
15NG1A0320,1-2,R13202,MATHEMATICS-III,16,28,44,ME
15NG1A0322,1-2,R13203,ENGG. PHYSICS,20,41,61,ME
15NG1A0322,1-2,R13209,ENGG. DRAWING,24,35,59,ME
15NG1A0323,1-2,R13201,ENGLISH-II,18,25,43,ME
15NG1A0325,1-2,R13202,MATHEMATICS-III,19,10,29,ME
15NG1A0327,1-2,R13201,ENGLISH-II,18,26,44,ME
15NG1A0327,1-2,R13209,ENGG. DRAWING,20,29,49,ME
15NG1A0328,1-2,R13209,ENGG. DRAWING,25,41,66,ME
15NG1A0331,1-2,R13203,ENGG. PHYSICS,17,5,22,ME
15NG1A0331,1-2,R13209,ENGG. DRAWING,27,0,27,ME
15NG1A0332,1-2,R13203,ENGG. PHYSICS,17,0,17,ME
15NG1A0332,1-2,R13209,ENGG. DRAWING,26,38,64,ME
15NG1A0333,1-2,R13202,MATHEMATICS-III,17,31,48,ME
15NG1A0333,1-2,R13203,ENGG. PHYSICS,17,1,18,ME
15NG1A0333,1-2,R13209,ENGG. DRAWING,24,4,28,ME
15NG1A0336,1-2,R13203,ENGG. PHYSICS,19,2,21,ME
15NG1A0337,1-2,R13203,ENGG. PHYSICS,16,6,22,ME
15NG1A0337,1-2,R13209,ENGG. DRAWING,25,29,54,ME
15NG1A0341,1-2,R13202,MATHEMATICS-III,16,28,44,ME
15NG1A0341,1-2,R13203,ENGG. PHYSICS,17,0,17,ME
15NG1A0341,1-2,R13207,MATHEMATICS-II (MM),22,5,27,ME
15NG1A0341,1-2,R13209,ENGG. DRAWING,17,10,27,ME
15NG1A0342,1-2,R13203,ENGG. PHYSICS,17,4,21,ME
15NG1A0343,1-2,R13209,ENGG. DRAWING,27,41,68,ME
15NG1A0345,1-2,R13203,ENGG. PHYSICS,22,24,46,ME
15NG1A0345,1-2,R13208,PROFESSIONAL ETHICS & HUMAN VALUES,22,32,54,ME
15NG1A0345,1-2,R13209,ENGG. DRAWING,25,45,70,ME
15NG1A0348,1-2,R13203,ENGG. PHYSICS,16,0,16,ME
15NG1A0348,1-2,R13209,ENGG. DRAWING,23,35,58,ME
15NG1A0349,1-2,R13201,ENGLISH-II,16,24,40,ME
15NG1A0349,1-2,R13208,PROFESSIONAL ETHICS & HUMAN VALUES,17,8,25,ME
15NG1A0351,1-2,R13203,ENGG. PHYSICS,16,1,17,ME
15NG1A0351,1-2,R13209,ENGG. DRAWING,19,18,37,ME
15NG1A0354,1-2,R13202,MATHEMATICS-III,21,12,33,ME
15NG1A0354,1-2,R13208,PROFESSIONAL ETHICS & HUMAN VALUES,23,34,57,ME
15NG1A0354,1-2,R13209,ENGG. DRAWING,27,0,27,ME
15NG1A0365,1-2,R13203,ENGG. PHYSICS,26,3,29,ME
15NG1A0366,1-2,R13209,ENGG. DRAWING,25,46,71,ME
15NG1A0368,1-2,R13201,ENGLISH-II,17,24,41,ME
15NG1A0368,1-2,R13209,ENGG. DRAWING,22,10,32,ME
15NG1A0370,1-2,R13203,ENGG. PHYSICS,16,0,16,ME
15NG1A0371,1-2,R13202,MATHEMATICS-III,13,2,15,ME
15NG1A0371,1-2,R13207,MATHEMATICS-II (MM),23,0,23,ME
15NG1A0377,1-2,R13201,ENGLISH-II,19,0,19,ME
15NG1A0377,1-2,R13202,MATHEMATICS-III,16,10,26,ME
15NG1A0377,1-2,R13203,ENGG. PHYSICS,18,5,23,ME
15NG1A0401,1-2,R13202,MATHEMATICS-III,22,17,39,ECE
15NG1A0401,1-2,R13204,ENGG. CHEMISTRY,20,0,20,ECE
15NG1A0401,1-2,R13205,C PROGRAMMING,25,15,40,ECE
15NG1A0404,1-2,R13205,C PROGRAMMING,27,36,63,ECE
15NG1A0405,1-2,R13202,MATHEMATICS-III,19,33,52,ECE
15NG1A0405,1-2,R13204,ENGG. CHEMISTRY,18,1,19,ECE
15NG1A0405,1-2,R13205,C PROGRAMMING,24,36,60,ECE
15NG1A0407,1-2,R13205,C PROGRAMMING,26,17,43,ECE
15NG1A0413,1-2,R13204,ENGG. CHEMISTRY,28,25,53,ECE
15NG1A0413,1-2,R13205,C PROGRAMMING,23,10,33,ECE
15NG1A0417,1-2,R13201,ENGLISH-II,26,37,63,ECE
15NG1A0420,1-2,R13205,C PROGRAMMING,23,6,29,ECE
15NG1A0421,1-2,R13204,ENGG. CHEMISTRY,24,6,30,ECE
15NG1A0421,1-2,R13205,C PROGRAMMING,22,4,26,ECE
15NG1A0422,1-2,R13202,MATHEMATICS-III,27,38,65,ECE
15NG1A0422,1-2,R13211,NETWORK ANALYSIS,25,29,54,ECE
15NG1A0427,1-2,R13205,C PROGRAMMING,23,0,23,ECE
15NG1A0427,1-2,R13211,NETWORK ANALYSIS,22,2,24,ECE
15NG1A0429,1-2,R13210,ENGG. MECHANICS,30,31,61,ECE
15NG1A0433,1-2,R13201,ENGLISH-II,24,35,59,ECE
15NG1A0433,1-2,R13205,C PROGRAMMING,24,5,29,ECE
15NG1A0434,1-2,R13202,MATHEMATICS-III,26,28,54,ECE
15NG1A0434,1-2,R13205,C PROGRAMMING,23,4,27,ECE
15NG1A0434,1-2,R13211,NETWORK ANALYSIS,23,11,34,ECE
15NG1A0439,1-2,R13202,MATHEMATICS-III,26,41,67,ECE
15NG1A0439,1-2,R13205,C PROGRAMMING,24,9,33,ECE
15NG1A0440,1-2,R13205,C PROGRAMMING,25,5,30,ECE
15NG1A0444,1-2,R13204,ENGG. CHEMISTRY,19,0,19,ECE
15NG1A0444,1-2,R13205,C PROGRAMMING,26,0,26,ECE
15NG1A0445,1-2,R13204,ENGG. CHEMISTRY,23,1,24,ECE
15NG1A0445,1-2,R13205,C PROGRAMMING,26,4,30,ECE
15NG1A0449,1-2,R13205,C PROGRAMMING,25,13,38,ECE
15NG1A0450,1-2,R13201,ENGLISH-II,28,39,67,ECE
15NG1A0450,1-2,R13204,ENGG. CHEMISTRY,22,15,37,ECE
15NG1A0450,1-2,R13205,C PROGRAMMING,27,9,36,ECE
15NG1A0453,1-2,R13204,ENGG. CHEMISTRY,18,3,21,ECE
15NG1A0453,1-2,R13205,C PROGRAMMING,24,3,27,ECE
15NG1A0454,1-2,R13204,ENGG. CHEMISTRY,25,1,26,ECE
15NG1A0455,1-2,R13202,MATHEMATICS-III,26,24,50,ECE
15NG1A0455,1-2,R13211,NETWORK ANALYSIS,22,28,50,ECE
15NG1A0456,1-2,R13202,MATHEMATICS-III,24,30,54,ECE
15NG1A0456,1-2,R13205,C PROGRAMMING,26,14,40,ECE
15NG1A0458,1-2,R13205,C PROGRAMMING,26,5,31,ECE
15NG1A0460,1-2,R13204,ENGG. CHEMISTRY,18,0,18,ECE
15NG1A0460,1-2,R13205,C PROGRAMMING,18,0,18,ECE
15NG1A0463,1-2,R13201,ENGLISH-II,26,28,54,ECE
15NG1A0463,1-2,R13202,MATHEMATICS-III,16,24,40,ECE
15NG1A0463,1-2,R13204,ENGG. CHEMISTRY,20,0,20,ECE
15NG1A0463,1-2,R13205,C PROGRAMMING,20,1,21,ECE
15NG1A0463,1-2,R13210,ENGG. MECHANICS,19,6,25,ECE
15NG1A0463,1-2,R13211,NETWORK ANALYSIS,20,8,28,ECE
15NG1A0464,1-2,R13202,MATHEMATICS-III,10,2,12,ECE
15NG1A0464,1-2,R13205,C PROGRAMMING,15,0,15,ECE
15NG1A0470,1-2,R13204,ENGG. CHEMISTRY,17,10,27,ECE
15NG1A0470,1-2,R13205,C PROGRAMMING,20,1,21,ECE
15NG1A0470,1-2,R13210,ENGG. MECHANICS,16,5,21,ECE
15NG1A0470,1-2,R13211,NETWORK ANALYSIS,16,29,45,ECE
15NG1A0474,1-2,R13204,ENGG. CHEMISTRY,21,0,21,ECE
15NG1A0477,1-2,R13205,C PROGRAMMING,24,4,28,ECE
15NG1A0482,1-2,R13204,ENGG. CHEMISTRY,24,3,27,ECE
15NG1A0485,1-2,R13211,NETWORK ANALYSIS,27,29,56,ECE
15NG1A0487,1-2,R13201,ENGLISH-II,23,25,48,ECE
15NG1A0487,1-2,R13204,ENGG. CHEMISTRY,19,0,19,ECE
15NG1A0487,1-2,R13210,ENGG. MECHANICS,24,0,24,ECE
15NG1A0490,1-2,R13204,ENGG. CHEMISTRY,20,5,25,ECE
15NG1A0490,1-2,R13205,C PROGRAMMING,19,0,19,ECE
15NG1A0490,1-2,R13211,NETWORK ANALYSIS,21,2,23,ECE
15NG1A0491,1-2,R13204,ENGG. CHEMISTRY,23,5,28,ECE
15NG1A0491,1-2,R13211,NETWORK ANALYSIS,24,36,60,ECE
15NG1A0493,1-2,R13202,MATHEMATICS-III,20,30,50,ECE
15NG1A0493,1-2,R13210,ENGG. MECHANICS,25,14,39,ECE
15NG1A0497,1-2,R13205,C PROGRAMMING,16,13,29,ECE
15NG1A0498,1-2,R13204,ENGG. CHEMISTRY,21,7,28,ECE
15NG1A0498,1-2,R13205,C PROGRAMMING,21,4,25,ECE
15NG1A0498,1-2,R13210,ENGG. MECHANICS,26,9,35,ECE
15NG1A04A2,1-2,R13202,MATHEMATICS-III,20,35,55,ECE
15NG1A04A2,1-2,R13204,ENGG. CHEMISTRY,19,5,24,ECE
15NG1A04A2,1-2,R13205,C PROGRAMMING,23,38,61,ECE
15NG1A04A2,1-2,R13211,NETWORK ANALYSIS,24,14,38,ECE
15NG1A04A9,1-2,R13202,MATHEMATICS-III,17,38,55,ECE
15NG1A04A9,1-2,R13211,NETWORK ANALYSIS,22,29,51,ECE
15NG1A04B2,1-2,R13202,MATHEMATICS-III,12,28,40,ECE
15NG1A04B2,1-2,R13205,C PROGRAMMING,20,32,52,ECE
15NG1A04B2,1-2,R13211,NETWORK ANALYSIS,24,0,24,ECE
15NG1A04B3,1-2,R13201,ENGLISH-II,16,16,32,ECE
15NG1A04B3,1-2,R13205,C PROGRAMMING,11,0,11,ECE
15NG1A04B3,1-2,R13210,ENGG. MECHANICS,12,2,14,ECE
15NG1A04B7,1-2,R13202,MATHEMATICS-III,18,37,55,ECE
15NG1A04B7,1-2,R13211,NETWORK ANALYSIS,20,36,56,ECE
15NG1A04B9,1-2,R13201,ENGLISH-II,18,30,48,ECE
15NG1A04B9,1-2,R13202,MATHEMATICS-III,17,24,41,ECE
15NG1A04B9,1-2,R13204,ENGG. CHEMISTRY,20,2,22,ECE
15NG1A04B9,1-2,R13205,C PROGRAMMING,18,8,26,ECE
15NG1A04C1,1-2,R13202,MATHEMATICS-III,16,32,48,ECE
15NG1A04C1,1-2,R13204,ENGG. CHEMISTRY,24,29,53,ECE
15NG1A04C2,1-2,R13205,C PROGRAMMING,20,5,25,ECE
15NG1A04C4,1-2,R13211,NETWORK ANALYSIS,23,4,27,ECE
15NG1A04C5,1-2,R13205,C PROGRAMMING,16,1,17,ECE
15NG1A04C5,1-2,R13211,NETWORK ANALYSIS,22,29,51,ECE
15NG1A04C7,1-2,R13204,ENGG. CHEMISTRY,16,9,25,ECE
15NG1A04C7,1-2,R13205,C PROGRAMMING,16,4,20,ECE
15NG1A04C7,1-2,R13211,NETWORK ANALYSIS,20,4,24,ECE
15NG1A04D3,1-2,R13202,MATHEMATICS-III,16,24,40,ECE
15NG1A04D3,1-2,R13205,C PROGRAMMING,17,2,19,ECE
15NG1A04D3,1-2,R13210,ENGG. MECHANICS,23,29,52,ECE
15NG1A04D4,1-2,R13202,MATHEMATICS-III,13,29,42,ECE
15NG1A04D4,1-2,R13205,C PROGRAMMING,16,1,17,ECE
15NG1A04D7,1-2,R13204,ENGG. CHEMISTRY,22,12,34,ECE
15NG1A04D7,1-2,R13205,C PROGRAMMING,19,2,21,ECE
15NG1A04D8,1-2,R13205,C PROGRAMMING,19,2,21,ECE
15NG1A04D8,1-2,R13211,NETWORK ANALYSIS,24,18,42,ECE
15NG1A04D9,1-2,R13201,ENGLISH-II,20,36,56,ECE
15NG1A04D9,1-2,R13202,MATHEMATICS-III,16,29,45,ECE
15NG1A04D9,1-2,R13211,NETWORK ANALYSIS,21,14,35,ECE
15NG1A04E0,1-2,R13202,MATHEMATICS-III,12,19,31,ECE
15NG1A04E0,1-2,R13205,C PROGRAMMING,16,0,16,ECE
15NG1A04E0,1-2,R13210,ENGG. MECHANICS,27,12,39,ECE
15NG1A0501,1-2,R13203,ENGG. PHYSICS,21,0,21,CSE
15NG1A0501,1-2,R13207,MATHEMATICS-II (MM),17,13,30,CSE
15NG1A0502,1-2,R13208,PROFESSIONAL ETHICS & HUMAN VALUES,20,3,23,CSE
15NG1A0504,1-2,R13202,MATHEMATICS-III,21,13,34,CSE
15NG1A0504,1-2,R13203,ENGG. PHYSICS,20,2,22,CSE
15NG1A0504,1-2,R13207,MATHEMATICS-II (MM),16,29,45,CSE
15NG1A0505,1-2,R13203,ENGG. PHYSICS,22,8,30,CSE
15NG1A0505,1-2,R13209,ENGG. DRAWING,30,7,37,CSE
15NG1A0506,1-2,R13208,PROFESSIONAL ETHICS & HUMAN VALUES,21,40,61,CSE
15NG1A0508,1-2,R13202,MATHEMATICS-III,29,33,62,CSE
15NG1A0508,1-2,R13203,ENGG. PHYSICS,19,24,43,CSE
15NG1A0508,1-2,R13208,PROFESSIONAL ETHICS & HUMAN VALUES,22,48,70,CSE
15NG1A0509,1-2,R13207,MATHEMATICS-II (MM),24,38,62,CSE
15NG1A0509,1-2,R13208,PROFESSIONAL ETHICS & HUMAN VALUES,21,41,62,CSE
15NG1A0510,1-2,R13202,MATHEMATICS-III,24,12,36,CSE
15NG1A0510,1-2,R13207,MATHEMATICS-II (MM),19,47,66,CSE
15NG1A0511,1-2,R13202,MATHEMATICS-III,23,0,23,CSE
15NG1A0511,1-2,R13203,ENGG. PHYSICS,17,0,17,CSE
15NG1A0512,1-2,R13208,PROFESSIONAL ETHICS & HUMAN VALUES,22,50,72,CSE
15NG1A0513,1-2,R13208,PROFESSIONAL ETHICS & HUMAN VALUES,24,48,72,CSE
15NG1A0513,1-2,R13209,ENGG. DRAWING,28,31,59,CSE
15NG1A0514,1-2,R13201,ENGLISH-II,19,24,43,CSE
15NG1A0514,1-2,R13202,MATHEMATICS-III,21,3,24,CSE
15NG1A0514,1-2,R13209,ENGG. DRAWING,16,16,32,CSE
15NG1A0515,1-2,R13202,MATHEMATICS-III,18,10,28,CSE
15NG1A0515,1-2,R13203,ENGG. PHYSICS,23,11,34,CSE
15NG1A0516,1-2,R13209,ENGG. DRAWING,25,32,57,CSE
15NG1A0517,1-2,R13203,ENGG. PHYSICS,21,10,31,CSE
15NG1A0518,1-2,R13207,MATHEMATICS-II (MM),27,38,65,CSE
15NG1A0519,1-2,R13203,ENGG. PHYSICS,23,2,25,CSE
15NG1A0519,1-2,R13209,ENGG. DRAWING,20,33,53,CSE
15NG1A0520,1-2,R13202,MATHEMATICS-III,25,30,55,CSE
15NG1A0520,1-2,R13208,PROFESSIONAL ETHICS & HUMAN VALUES,24,37,61,CSE
15NG1A0521,1-2,R13202,MATHEMATICS-III,23,0,23,CSE
15NG1A0521,1-2,R13203,ENGG. PHYSICS,12,0,12,CSE
15NG1A0521,1-2,R13207,MATHEMATICS-II (MM),21,0,21,CSE
15NG1A0521,1-2,R13209,ENGG. DRAWING,20,0,20,CSE
15NG1A0525,1-2,R13207,MATHEMATICS-II (MM),18,39,57,CSE
15NG1A0525,1-2,R13209,ENGG. DRAWING,20,29,49,CSE
15NG1A0526,1-2,R13202,MATHEMATICS-III,24,28,52,CSE
15NG1A0528,1-2,R13202,MATHEMATICS-III,25,29,54,CSE
15NG1A0531,1-2,R13202,MATHEMATICS-III,18,7,25,CSE
15NG1A0531,1-2,R13203,ENGG. PHYSICS,18,2,20,CSE
15NG1A0531,1-2,R13207,MATHEMATICS-II (MM),17,38,55,CSE
15NG1A0532,1-2,R13202,MATHEMATICS-III,22,34,56,CSE
15NG1A0533,1-2,R13207,MATHEMATICS-II (MM),21,27,48,CSE
15NG1A0533,1-2,R13208,PROFESSIONAL ETHICS & HUMAN VALUES,21,24,45,CSE
15NG1A0533,1-2,R13209,ENGG. DRAWING,16,0,16,CSE
15NG1A0534,1-2,R13202,MATHEMATICS-III,24,30,54,CSE
15NG1A0535,1-2,R13202,MATHEMATICS-III,17,5,22,CSE
15NG1A0535,1-2,R13208,PROFESSIONAL ETHICS & HUMAN VALUES,17,4,21,CSE
15NG1A0536,1-2,R13202,MATHEMATICS-III,16,0,16,CSE
15NG1A0536,1-2,R13203,ENGG. PHYSICS,18,0,18,CSE
15NG1A0536,1-2,R13208,PROFESSIONAL ETHICS & HUMAN VALUES,20,38,58,CSE
15NG1A0539,1-2,R13203,ENGG. PHYSICS,24,9,33,CSE
15NG1A0540,1-2,R13202,MATHEMATICS-III,18,0,18,CSE
15NG1A0540,1-2,R13208,PROFESSIONAL ETHICS & HUMAN VALUES,23,24,47,CSE
15NG1A0540,1-2,R13209,ENGG. DRAWING,16,0,16,CSE
15NG1A0541,1-2,R13209,ENGG. DRAWING,25,18,43,CSE
15NG1A0542,1-2,R13201,ENGLISH-II,17,28,45,CSE
15NG1A0542,1-2,R13208,PROFESSIONAL ETHICS & HUMAN VALUES,21,24,45,CSE
15NG1A0542,1-2,R13209,ENGG. DRAWING,16,4,20,CSE
15NG1A0543,1-2,R13203,ENGG. PHYSICS,19,5,24,CSE
15NG1A0543,1-2,R13209,ENGG. DRAWING,24,9,33,CSE
15NG1A0544,1-2,R13208,PROFESSIONAL ETHICS & HUMAN VALUES,20,32,52,CSE
15NG1A0545,1-2,R13202,MATHEMATICS-III,23,32,55,CSE
15NG1A0545,1-2,R13208,PROFESSIONAL ETHICS & HUMAN VALUES,21,34,55,CSE
15NG1A0545,1-2,R13209,ENGG. DRAWING,27,15,42,CSE
15NG1A0546,1-2,R13202,MATHEMATICS-III,21,11,32,CSE
15NG1A0547,1-2,R13202,MATHEMATICS-III,23,11,34,CSE
15NG1A0547,1-2,R13203,ENGG. PHYSICS,19,6,25,CSE
15NG1A0549,1-2,R13209,ENGG. DRAWING,30,10,40,CSE
15NG1A0552,1-2,R13208,PROFESSIONAL ETHICS & HUMAN VALUES,20,31,51,CSE
15NG1A0553,1-2,R13208,PROFESSIONAL ETHICS & HUMAN VALUES,22,29,51,CSE
15NG1A0554,1-2,R13202,MATHEMATICS-III,20,28,48,CSE
15NG1A0555,1-2,R13203,ENGG. PHYSICS,21,3,24,CSE
15NG1A0556,1-2,R13202,MATHEMATICS-III,24,28,52,CSE
15NG1A0556,1-2,R13203,ENGG. PHYSICS,19,2,21,CSE
15NG1A0556,1-2,R13208,PROFESSIONAL ETHICS & HUMAN VALUES,24,29,53,CSE
15NG1A0557,1-2,R13208,PROFESSIONAL ETHICS & HUMAN VALUES,26,54,80,CSE
15NG1A0558,1-2,R13207,MATHEMATICS-II (MM),22,29,51,CSE
15NG1A0558,1-2,R13209,ENGG. DRAWING,25,9,34,CSE
15NG1A0559,1-2,R13203,ENGG. PHYSICS,22,15,37,CSE
15NG1A0560,1-2,R13203,ENGG. PHYSICS,20,10,30,CSE
15NG1A0564,1-2,R13202,MATHEMATICS-III,21,28,49,CSE
15NG1A0566,1-2,R13203,ENGG. PHYSICS,20,8,28,CSE
15NG1A0568,1-2,R13202,MATHEMATICS-III,18,0,18,CSE
15NG1A0568,1-2,R13209,ENGG. DRAWING,20,0,20,CSE
15NG1A0572,1-2,R13202,MATHEMATICS-III,25,28,53,CSE
15NG1A0574,1-2,R13203,ENGG. PHYSICS,24,15,39,CSE
15NG1A0574,1-2,R13209,ENGG. DRAWING,23,6,29,CSE
15NG1A0576,1-2,R13203,ENGG. PHYSICS,17,12,29,CSE
15NG1A0577,1-2,R13203,ENGG. PHYSICS,21,14,35,CSE
15NG1A0579,1-2,R13201,ENGLISH-II,19,35,54,CSE
15NG1A0579,1-2,R13203,ENGG. PHYSICS,18,6,24,CSE
15NG1A0581,1-2,R13202,MATHEMATICS-III,24,10,34,CSE
15NG1A0581,1-2,R13203,ENGG. PHYSICS,20,2,22,CSE
15NG1A0581,1-2,R13207,MATHEMATICS-II (MM),17,29,46,CSE
15NG1A0585,1-2,R13208,PROFESSIONAL ETHICS & HUMAN VALUES,27,53,80,CSE
15NG1A0589,1-2,R13202,MATHEMATICS-III,20,7,27,CSE
15NG1A0589,1-2,R13203,ENGG. PHYSICS,17,10,27,CSE
15NG1A0589,1-2,R13209,ENGG. DRAWING,2,0,2,CSE
15NG1A0590,1-2,R13203,ENGG. PHYSICS,15,11,26,CSE
15NG1A0591,1-2,R13201,ENGLISH-II,17,30,47,CSE
15NG1A0591,1-2,R13202,MATHEMATICS-III,24,7,31,CSE
15NG1A0591,1-2,R13208,PROFESSIONAL ETHICS & HUMAN VALUES,24,10,34,CSE
15NG1A0591,1-2,R13209,ENGG. DRAWING,16,8,24,CSE
15NG1A0594,1-2,R13209,ENGG. DRAWING,15,34,49,CSE
15NG1A0596,1-2,R13202,MATHEMATICS-III,20,0,20,CSE
15NG1A0596,1-2,R13203,ENGG. PHYSICS,14,4,18,CSE
15NG1A0597,1-2,R13201,ENGLISH-II,17,32,49,CSE
15NG1A0597,1-2,R13202,MATHEMATICS-III,17,1,18,CSE
15NG1A0597,1-2,R13203,ENGG. PHYSICS,13,0,13,CSE
15NG1A0597,1-2,R13207,MATHEMATICS-II (MM),19,0,19,CSE
15NG1A0597,1-2,R13208,PROFESSIONAL ETHICS & HUMAN VALUES,24,24,48,CSE
15NG1A0597,1-2,R13209,ENGG. DRAWING,16,0,16,CSE
15NG1A05A3,1-2,R13202,MATHEMATICS-III,21,14,35,CSE
15NG1A05A3,1-2,R13203,ENGG. PHYSICS,16,7,23,CSE
15NG1A05A3,1-2,R13208,PROFESSIONAL ETHICS & HUMAN VALUES,25,37,62,CSE
15NG1A05A5,1-2,R13208,PROFESSIONAL ETHICS & HUMAN VALUES,23,40,63,CSE
15NG1A05A8,1-2,R13203,ENGG. PHYSICS,23,30,53,CSE
15NG1A05A8,1-2,R13209,ENGG. DRAWING,22,29,51,CSE
15NG1A05A9,1-2,R13202,MATHEMATICS-III,18,27,45,CSE
15NG1A05A9,1-2,R13208,PROFESSIONAL ETHICS & HUMAN VALUES,23,24,47,CSE
15NG1A05A9,1-2,R13209,ENGG. DRAWING,16,34,50,CSE
15NG1A05B3,1-2,R13202,MATHEMATICS-III,24,28,52,CSE
15NG1A05B3,1-2,R13207,MATHEMATICS-II (MM),21,41,62,CSE
15NG1A05B6,1-2,R13209,ENGG. DRAWING,23,31,54,CSE
15NG1A1201,1-2,R13209,ENGG. DRAWING,25,31,56,IT
15NG1A1203,1-2,R13202,MATHEMATICS-III,18,29,47,IT
15NG1A1203,1-2,R13203,ENGG. PHYSICS,17,0,17,IT
15NG1A1203,1-2,R13209,ENGG. DRAWING,26,32,58,IT
15NG1A1205,1-2,R13202,MATHEMATICS-III,23,28,51,IT
15NG1A1205,1-2,R13203,ENGG. PHYSICS,17,0,17,IT
15NG1A1205,1-2,R13207,MATHEMATICS-II (MM),17,10,27,IT
15NG1A1205,1-2,R13209,ENGG. DRAWING,22,8,30,IT
15NG1A1207,1-2,R13203,ENGG. PHYSICS,16,29,45,IT
15NG1A1208,1-2,R13201,ENGLISH-II,20,26,46,IT
15NG1A1208,1-2,R13208,PROFESSIONAL ETHICS & HUMAN VALUES,19,35,54,IT
15NG1A1208,1-2,R13209,ENGG. DRAWING,17,12,29,IT
15NG1A1209,1-2,R13203,ENGG. PHYSICS,19,38,57,IT
15NG1A1209,1-2,R13209,ENGG. DRAWING,19,13,32,IT
15NG1A1212,1-2,R13201,ENGLISH-II,21,39,60,IT
15NG1A1212,1-2,R13202,MATHEMATICS-III,20,29,49,IT
15NG1A1212,1-2,R13208,PROFESSIONAL ETHICS & HUMAN VALUES,24,34,58,IT
15NG1A1212,1-2,R13209,ENGG. DRAWING,20,12,32,IT
15NG1A1213,1-2,R13203,ENGG. PHYSICS,23,31,54,IT
15NG1A1214,1-2,R13202,MATHEMATICS-III,17,16,33,IT
15NG1A1214,1-2,R13203,ENGG. PHYSICS,7,0,7,IT
15NG1A1214,1-2,R13207,MATHEMATICS-II (MM),21,6,27,IT
15NG1A1214,1-2,R13209,ENGG. DRAWING,18,6,24,IT
15NG1A1216,1-2,R13208,PROFESSIONAL ETHICS & HUMAN VALUES,18,34,52,IT
15NG1A1218,1-2,R13203,ENGG. PHYSICS,20,38,58,IT
15NG1A1220,1-2,R13202,MATHEMATICS-III,22,28,50,IT
15NG1A1220,1-2,R13208,PROFESSIONAL ETHICS & HUMAN VALUES,21,33,54,IT
15NG1A1220,1-2,R13209,ENGG. DRAWING,23,7,30,IT
15NG1A1221,1-2,R13201,ENGLISH-II,20,20,40,IT
15NG1A1221,1-2,R13207,MATHEMATICS-II (MM),18,5,23,IT
15NG1A1221,1-2,R13209,ENGG. DRAWING,26,6,32,IT
15NG1A1222,1-2,R13208,PROFESSIONAL ETHICS & HUMAN VALUES,21,32,53,IT
15NG1A1224,1-2,R13202,MATHEMATICS-III,23,28,51,IT
15NG1A1224,1-2,R13208,PROFESSIONAL ETHICS & HUMAN VALUES,20,6,26,IT
15NG1A1225,1-2,R13202,MATHEMATICS-III,20,8,28,IT
15NG1A1225,1-2,R13203,ENGG. PHYSICS,16,0,16,IT
15NG1A1225,1-2,R13207,MATHEMATICS-II (MM),17,1,18,IT
15NG1A1225,1-2,R13209,ENGG. DRAWING,19,15,34,IT
15NG1A1228,1-2,R13201,ENGLISH-II,19,32,51,IT
15NG1A1228,1-2,R13203,ENGG. PHYSICS,11,0,11,IT
15NG1A1228,1-2,R13208,PROFESSIONAL ETHICS & HUMAN VALUES,14,0,14,IT
15NG1A1229,1-2,R13202,MATHEMATICS-III,20,12,32,IT
15NG1A1229,1-2,R13203,ENGG. PHYSICS,20,3,23,IT
15NG1A1229,1-2,R13207,MATHEMATICS-II (MM),17,2,19,IT
15NG1A1229,1-2,R13208,PROFESSIONAL ETHICS & HUMAN VALUES,18,17,35,IT
15NG1A1229,1-2,R13209,ENGG. DRAWING,28,13,41,IT
15NG1A1230,1-2,R13202,MATHEMATICS-III,17,13,30,IT
15NG1A1230,1-2,R13203,ENGG. PHYSICS,17,0,17,IT
15NG1A1230,1-2,R13207,MATHEMATICS-II (MM),15,18,33,IT
15NG1A1231,1-2,R13202,MATHEMATICS-III,16,0,16,IT
15NG1A1231,1-2,R13203,ENGG. PHYSICS,17,0,17,IT
15NG1A1232,1-2,R13208,PROFESSIONAL ETHICS & HUMAN VALUES,26,29,55,IT
15NG1A1233,1-2,R13203,ENGG. PHYSICS,21,6,27,IT
15NG1A1233,1-2,R13209,ENGG. DRAWING,22,24,46,IT
15NG1A1234,1-2,R13202,MATHEMATICS-III,24,6,30,IT
15NG1A1234,1-2,R13207,MATHEMATICS-II (MM),16,18,34,IT
15NG1A1234,1-2,R13209,ENGG. DRAWING,17,16,33,IT
15NG1A1235,1-2,R13202,MATHEMATICS-III,18,26,44,IT
15NG1A1235,1-2,R13203,ENGG. PHYSICS,16,1,17,IT
15NG1A1235,1-2,R13209,ENGG. DRAWING,20,24,44,IT
15NG1A1237,1-2,R13209,ENGG. DRAWING,30,29,59,IT
15NG1A1238,1-2,R13202,MATHEMATICS-III,25,32,57,IT
15NG1A1238,1-2,R13208,PROFESSIONAL ETHICS & HUMAN VALUES,23,30,53,IT
15NG1A1238,1-2,R13209,ENGG. DRAWING,29,4,33,IT
15NG1A1239,1-2,R13203,ENGG. PHYSICS,17,7,24,IT
15NG1A1241,1-2,R13208,PROFESSIONAL ETHICS & HUMAN VALUES,26,29,55,IT
15NG1A1241,1-2,R13209,ENGG. DRAWING,25,5,30,IT
15NG1A1242,1-2,R13202,MATHEMATICS-III,21,11,32,IT
15NG1A1242,1-2,R13203,ENGG. PHYSICS,16,2,18,IT
15NG1A1243,1-2,R13202,MATHEMATICS-III,22,12,34,IT
15NG1A1244,1-2,R13202,MATHEMATICS-III,12,28,40,IT
15NG1A1244,1-2,R13203,ENGG. PHYSICS,16,2,18,IT
15NG1A1244,1-2,R13207,MATHEMATICS-II (MM),16,17,33,IT
15NG1A1245,1-2,R13202,MATHEMATICS-III,20,29,49,IT
15NG1A1245,1-2,R13207,MATHEMATICS-II (MM),16,33,49,IT
15NG1A1245,1-2,R13209,ENGG. DRAWING,26,29,55,IT
15NG1A1247,1-2,R13203,ENGG. PHYSICS,16,0,16,IT
15NG1A1248,1-2,R13208,PROFESSIONAL ETHICS & HUMAN VALUES,24,31,55,IT
15NG1A1249,1-2,R13209,ENGG. DRAWING,25,29,54,IT
15NG1A1251,1-2,R13202,MATHEMATICS-III,12,0,12,IT
15NG1A1251,1-2,R13203,ENGG. PHYSICS,16,0,16,IT
15NG1A1251,1-2,R13207,MATHEMATICS-II (MM),16,4,20,IT
15NG1A1251,1-2,R13209,ENGG. DRAWING,19,12,31,IT
15NG1A1252,1-2,R13202,MATHEMATICS-III,16,28,44,IT
15NG1A1252,1-2,R13203,ENGG. PHYSICS,16,0,16,IT
15NG1A1253,1-2,R13209,ENGG. DRAWING,22,15,37,IT